Title,Price,Date
Funny Got Data MIS Data Systems Business Analyst T-Shirt,18,2024-06-07
Funny Got Data MIS Data Systems Business Analyst T-Shirt,18,2024-06-07
Funny Got Data MIS Data Systems Business Analyst T-Shirt,18,2024-06-07
Funny Got Data MIS Data Systems Business Analyst T-Shirt,18,2024-06-07
Funny Got Data MIS Data Systems Business Analyst T-Shirt,18,2024-06-07
Funny Got Data MIS Data Systems Business Analyst T-Shirt,18,2024-06-07
Funny Got Data MIS Data Systems Business Analyst T-Shirt,18,2024-06-07
Funny Got Data MIS Data Systems Business Analyst T-Shirt,18,2024-06-07
Funny Got Data MIS Data Systems Business Analyst T-Shirt,18,2024-06-07
Funny Got Data MIS Data Systems Business Analyst T-Shirt,18,2024-06-07
Funny Got Data MIS Data Systems Business Analyst T-Shirt,18,2024-06-07
Funny Got Data MIS Data Systems Business Analyst T-Shirt,18,2024-06-07
Funny Got Data MIS Data Systems Business Analyst T-Shirt,18,2024-06-07
Funny Got Data MIS Data Systems Business Analyst T-Shirt,18,2024-06-07
Funny Got Data MIS Data Systems Business Analyst T-Shirt,18,2024-06-07
Funny Got Data MIS Data Systems Business Analyst T-Shirt,18,2024-06-07
Funny Got Data MIS Data Systems Business Analyst T-Shirt,18,2024-06-07
Funny Got Data MIS Data Systems Business Analyst T-Shirt,18,2024-06-07
Funny Got Data MIS Data Systems Business Analyst T-Shirt,18,2024-06-07
Funny Got Data MIS Data Systems Business Analyst T-Shirt,18,2024-06-07
Funny Got Data MIS Data Systems Business Analyst T-Shirt,18,2024-06-07
Funny Got Data MIS Data Systems Business Analyst T-Shirt,18,2024-06-07
Funny Got Data MIS Data Systems Business Analyst T-Shirt,18,2024-06-07
Funny Got Data MIS Data Systems Business Analyst T-Shirt,18,2024-06-07
Funny Got Data MIS Data Systems Business Analyst T-Shirt,18,2024-06-07
Funny Got Data MIS Data Systems Business Analyst T-Shirt,18,2024-06-07
Funny Got Data MIS Data Systems Business Analyst T-Shirt,18,2024-06-07
Funny Got Data MIS Data Systems Business Analyst T-Shirt,18,2024-06-07
Funny Got Data MIS Data Systems Business Analyst T-Shirt,18,2024-06-07
Funny Got Data MIS Data Systems Business Analyst T-Shirt,18,2024-06-07
Funny Got Data MIS Data Systems Business Analyst T-Shirt,18,2024-06-07
Funny Got Data MIS Data Systems Business Analyst T-Shirt,18,2024-06-07
Funny Got Data MIS Data Systems Business Analyst T-Shirt,18,2024-06-07
Funny Got Data MIS Data Systems Business Analyst T-Shirt,18,2024-06-07
Funny Got Data MIS Data Systems Business Analyst T-Shirt,18,2024-06-07
Funny Got Data MIS Data Systems Business Analyst T-Shirt,18,2024-06-07
Funny Got Data MIS Data Systems Business Analyst T-Shirt,18,2024-06-07
Funny Got Data MIS Data Systems Business Analyst T-Shirt,18,2024-06-07
Funny Got Data MIS Data Systems Business Analyst T-Shirt,18,2024-06-07
Funny Got Data MIS Data Systems Business Analyst T-Shirt,18,2024-06-07
